hotel,country,total_bookings,avg_adr
City Hotel,PRT,30637,92.92139537160949
City Hotel,FRA,8786,112.16832916002731
City Hotel,DEU,6082,108.69164419598816
City Hotel,GBR,5301,115.74074514242595
City Hotel,ESP,4602,114.6288244241634
City Hotel,ITA,3300,115.25695454545455
City Hotel,BEL,1894,118.57253959873283
City Hotel,BRA,1788,111.61596756152126
City Hotel,USA,1612,120.21521712158808
City Hotel,NLD,1588,115.87215994962216
City Hotel,CHE,1291,118.5994810224632
City Hotel,IRL,1208,115.8703311258278
City Hotel,AUT,1052,110.54344106463878
City Hotel,CHN,864,114.30892361111111
City Hotel,SWE,715,118.21233566433567
City Hotel,ISR,641,110.0275663026521
City Hotel,POL,584,117.09604452054793
City Hotel,CN,569,113.94782073813708
City Hotel,NOR,483,124.49786749482402
City Hotel,RUS,439,114.43006833712985
City Hotel,DNK,370,120.37254054054053
City Hotel,AUS,339,115.61356932153393
City Hotel,AGO,338,115.00437869822485
City Hotel,ROU,323,107.50291021671828
City Hotel,FIN,295,115.66132203389829
City Hotel,TUR,225,109.47506666666666
City Hotel,LUX,205,124.35941463414635
City Hotel,JPN,188,122.28382978723404
City Hotel,HUN,183,110.21923497267758
City Hotel,MAR,183,117.50486338797813
City Hotel,ARG,156,117.02974358974359
City Hotel,CZE,144,113.1348611111111
City Hotel,KOR,124,116.46241935483872
City Hotel,GRC,118,113.56466101694915
City Hotel,IND,114,114.30771929824562
City Hotel,SRB,94,100.40585106382979
City Hotel,DZA,91,109.99593406593405
City Hotel,HRV,89,111.89910112359551
City Hotel,MEX,78,119.73602564102563
City Hotel,IRN,77,129.7416883116883
City Hotel,BGR,70,113.83571428571429
City Hotel,ZAF,62,109.30129032258066
City Hotel,MOZ,60,109.51666666666667
City Hotel,NZL,60,112.90566666666668
City Hotel,COL,55,125.52945454545454
City Hotel,SVK,53,107.41415094339622
City Hotel,THA,53,118.86811320754717
City Hotel,EST,50,126.3862
City Hotel,ISL,50,109.4922
City Hotel,CHL,48,115.64291666666666
City Hotel,SAU,47,123.9104255319149
City Hotel,UKR,45,113.5971111111111
City Hotel,SVN,44,117.66454545454545
City Hotel,CYP,43,94.67302325581396
City Hotel,ARE,39,127.63282051282052
City Hotel,TWN,39,117.10743589743589
City Hotel,TUN,37,110.06648648648648
City Hotel,LTU,35,101.64428571428572
City Hotel,SGP,34,93.3464705882353
City Hotel,EGY,31,117.49225806451614
City Hotel,IDN,30,109.66499999999999
City Hotel,PER,28,117.7682142857143
City Hotel,ECU,25,135.122
City Hotel,HKG,25,121.01799999999999
City Hotel,LBN,25,123.9964
City Hotel,NGA,24,112.98083333333334
City Hotel,PHL,24,135.0375
City Hotel,URY,24,127.04875
City Hotel,VEN,23,108.65260869565218
City Hotel,LVA,22,112.27636363636363
City Hotel,CPV,19,98.98473684210526
City Hotel,JOR,19,101.29473684210525
City Hotel,BLR,18,109.17777777777778
City Hotel,MYS,18,96.97666666666666
City Hotel,CRI,17,109.96764705882353
City Hotel,MLT,16,110.15187499999999
City Hotel,Unknown,16,67.8125
City Hotel,MAC,15,99.91866666666667
City Hotel,AZE,14,102.97500000000001
City Hotel,IRQ,14,106.95714285714287
City Hotel,KAZ,14,136.37857142857143
City Hotel,QAT,14,154.93357142857144
City Hotel,KWT,13,131.00615384615384
City Hotel,BGD,12,149.8025
City Hotel,BIH,12,115.82916666666667
City Hotel,DOM,11,136.0218181818182
City Hotel,GEO,11,103.27090909090909
City Hotel,BOL,10,115.0
City Hotel,PAK,10,101.77799999999999
City Hotel,SEN,10,109.708
City Hotel,ALB,9,84.12111111111112
City Hotel,GNB,9,83.16444444444444
City Hotel,MKD,9,81.1888888888889
City Hotel,PAN,9,110.16111111111111
City Hotel,TJK,9,137.23333333333332
City Hotel,CMR,8,99.05125
City Hotel,LBY,8,92.75
City Hotel,OMN,7,126.89285714285714
City Hotel,ARM,6,115.86666666666667
City Hotel,KEN,6,134.1966666666667
City Hotel,LKA,6,96.83333333333333
City Hotel,MDV,6,117.60000000000001
City Hotel,MUS,6,95.92833333333334
City Hotel,VNM,6,107.23166666666667
City Hotel,FRO,5,155.2
City Hotel,GIB,5,148.814
City Hotel,JEY,5,164.442
City Hotel,MNE,5,110.3
City Hotel,BHR,4,134.1625
City Hotel,BRB,4,95.0
City Hotel,CIV,4,150.625
City Hotel,CUB,4,129.2325
City Hotel,GAB,4,143.375
City Hotel,GHA,4,126.45
City Hotel,GTM,4,75.0
City Hotel,MCO,4,85.74
City Hotel,PRY,4,112.6
City Hotel,TZA,4,113.625
City Hotel,BEN,3,123.2
City Hotel,ETH,3,101.25999999999999
City Hotel,LIE,3,102.26666666666667
City Hotel,PRI,3,138.66666666666666
City Hotel,TMP,3,139.0666666666667
City Hotel,UZB,3,109.32333333333334
City Hotel,ABW,2,128.34
City Hotel,AND,2,95.0
City Hotel,ATA,2,134.25
City Hotel,CAF,2,114.71000000000001
City Hotel,GGY,2,117.9
City Hotel,GLP,2,140.0
City Hotel,IMN,2,117.44999999999999
City Hotel,KHM,2,99.0
City Hotel,KNA,2,92.2
City Hotel,LAO,2,181.66500000000002
City Hotel,MYT,2,177.75
City Hotel,RWA,2,83.265
City Hotel,SLV,2,148.85
City Hotel,STP,2,117.0
City Hotel,SYR,2,120.5
City Hotel,ZWE,2,124.65
City Hotel,AIA,1,265.0
City Hotel,ASM,1,72.07
City Hotel,ATF,1,126.0
City Hotel,BFA,1,80.3
City Hotel,COM,1,259.0
City Hotel,DMA,1,105.3
City Hotel,GUY,1,120.0
City Hotel,HND,1,79.0
City Hotel,JAM,1,137.4
City Hotel,KIR,1,108.0
City Hotel,LCA,1,80.75
City Hotel,MLI,1,89.0
City Hotel,MMR,1,145.0
City Hotel,MRT,1,97.65
City Hotel,NAM,1,121.61
City Hotel,NCL,1,175.5
City Hotel,NIC,1,139.0
City Hotel,PYF,1,144.0
City Hotel,SDN,1,99.0
City Hotel,SLE,1,121.43
City Hotel,SUR,1,99.0
City Hotel,SYC,1,89.25
City Hotel,TGO,1,59.5
City Hotel,UGA,1,126.0
City Hotel,UMI,1,200.0
City Hotel,VGB,1,100.5
City Hotel,ZMB,1,107.1
Resort Hotel,PRT,17306,93.89428810817058
Resort Hotel,GBR,6794,81.09739476008242
Resort Hotel,ESP,3942,120.4480162354135
Resort Hotel,IRL,2165,88.41903926096998
Resort Hotel,FRA,1603,97.35515907673113
Resort Hotel,DEU,1203,82.85667497921862
Resort Hotel,CN,709,104.6208885754584
Resort Hotel,NLD,513,84.60717348927876
Resort Hotel,USA,477,134.4264570230608
Resort Hotel,Unknown,457,62.215689277899344
Resort Hotel,ITA,456,106.97587719298245
Resort Hotel,BEL,444,94.71873873873875
Resort Hotel,CHE,433,132.67034642032334
Resort Hotel,BRA,429,110.04456876456877
Resort Hotel,POL,331,90.75534743202417
Resort Hotel,SWE,304,101.56069078947368
Resort Hotel,AUT,210,85.18519047619047
Resort Hotel,RUS,188,131.33797872340426
Resort Hotel,ROU,177,128.7735593220339
Resort Hotel,FIN,151,82.00331125827815
Resort Hotel,CHN,134,87.05589552238806
Resort Hotel,NOR,123,111.37211382113821
Resort Hotel,AUS,87,121.30183908045977
Resort Hotel,LUX,80,154.1865
Resort Hotel,MAR,75,177.40066666666667
Resort Hotel,DNK,65,101.70276923076923
Resort Hotel,ARG,57,121.83052631578947
Resort Hotel,HUN,47,124.70148936170213
Resort Hotel,LTU,46,99.2304347826087
Resort Hotel,IND,37,114.52324324324323
Resort Hotel,EST,33,95.40757575757576
Resort Hotel,LVA,33,85.15333333333334
Resort Hotel,ISR,28,125.99392857142857
Resort Hotel,CZE,27,101.75333333333334
Resort Hotel,AGO,23,153.34869565217392
Resort Hotel,TUR,23,137.99391304347827
Resort Hotel,UKR,23,53.40869565217392
Resort Hotel,ZAF,18,117.50777777777778
Resort Hotel,CHL,17,128.06117647058824
Resort Hotel,COL,16,106.30875
Resort Hotel,PHL,16,183.333125
Resort Hotel,NZL,14,90.58357142857143
Resort Hotel,GIB,13,151.01307692307694
Resort Hotel,DZA,12,131.79916666666665
Resort Hotel,SVK,12,107.19749999999999
Resort Hotel,TWN,12,156.5
Resort Hotel,ARE,11,176.0118181818182
Resort Hotel,GEO,11,234.76090909090908
Resort Hotel,HRV,11,103.94545454545455
Resort Hotel,OMN,11,81.6209090909091
Resort Hotel,SVN,11,132.62545454545455
Resort Hotel,GRC,10,67.46000000000001
Resort Hotel,MYS,10,59.23
Resort Hotel,NGA,10,120.275
Resort Hotel,JPN,9,99.44333333333333
Resort Hotel,KOR,9,68.53777777777778
Resort Hotel,PRI,9,66.05111111111111
Resort Hotel,CYP,8,119.875
Resort Hotel,URY,8,142.5025
Resort Hotel,BLR,7,103.01285714285714
Resort Hotel,SRB,7,86.32714285714285
Resort Hotel,ISL,6,147.45833333333334
Resort Hotel,LBN,6,166.83333333333334
Resort Hotel,MDV,6,130.63333333333333
Resort Hotel,MEX,6,85.61666666666666
Resort Hotel,MOZ,6,157.58333333333334
Resort Hotel,THA,6,105.83333333333333
Resort Hotel,AND,5,245.714
Resort Hotel,BGR,5,84.7
Resort Hotel,CPV,5,64.0
Resort Hotel,IDN,5,158.39000000000001
Resort Hotel,IRN,5,109.30999999999999
Resort Hotel,JAM,5,99.462
Resort Hotel,KAZ,5,163.41
Resort Hotel,CUB,4,69.5
Resort Hotel,HKG,4,172.6
Resort Hotel,PAK,4,199.9525
Resort Hotel,SGP,4,120.42750000000001
Resort Hotel,SUR,4,91.5
Resort Hotel,ALB,3,85.05
Resort Hotel,AZE,3,167.46666666666667
Resort Hotel,CAF,3,56.300000000000004
Resort Hotel,DOM,3,97.76666666666667
Resort Hotel,JEY,3,97.26666666666667
Resort Hotel,KWT,3,132.72666666666666
Resort Hotel,VEN,3,91.8
Resort Hotel,ARM,2,52.349999999999994
Resort Hotel,CIV,2,58.5
Resort Hotel,CMR,2,45.43
Resort Hotel,CRI,2,36.26
Resort Hotel,ECU,2,53.165
Resort Hotel,JOR,2,74.85
Resort Hotel,MLT,2,43.9
Resort Hotel,MWI,2,83.0
Resort Hotel,VNM,2,171.375
Resort Hotel,ZWE,2,45.965
Resort Hotel,BDI,1,46.0
Resort Hotel,BHR,1,190.0
Resort Hotel,BHS,1,50.85
Resort Hotel,BIH,1,50.0
Resort Hotel,BWA,1,118.5
Resort Hotel,COM,1,71.61
Resort Hotel,CYM,1,40.5
Resort Hotel,DJI,1,273.0
Resort Hotel,EGY,1,122.89
Resort Hotel,FJI,1,135.33
Resort Hotel,GGY,1,65.0
Resort Hotel,LKA,1,33.3
Resort Hotel,MAC,1,120.0
Resort Hotel,MDG,1,44.0
Resort Hotel,MKD,1,108.75
Resort Hotel,MUS,1,98.0
Resort Hotel,NPL,1,85.0
Resort Hotel,PER,1,234.0
Resort Hotel,PLW,1,136.29
Resort Hotel,SAU,1,171.0
Resort Hotel,SEN,1,289.6
Resort Hotel,SMR,1,88.2
Resort Hotel,SYC,1,175.0
Resort Hotel,SYR,1,54.0
Resort Hotel,TGO,1,152.0
Resort Hotel,TUN,1,77.5
Resort Hotel,UGA,1,43.0
Resort Hotel,UZB,1,60.0
Resort Hotel,ZMB,1,96.67
